username,password
lacey_valenta,YDy+u-e~
wendell_cervantez,eVY3Y$A.y{e6
tabansi_cagle,Udu)AMuXYj
maureen_yeates,yza9UZUTUg
marvelle_massa,y&y%EqurajU
becse_massa,UrAqE7U^y_y/
esteban_hoag,YNEBA{A`uX
chad_nalls,yVUpU6Ate2a@
yuri_hon,eGaNY*ejU3y)
dade_gastelum,E}u-e7y&uhE
wickham_driggers,Y3EBa5y
nadav_mcmullin,amau6Y~
lann_kugler,u#Y#aGa3
severin_hintz,AZy/u[E]
ulima_fernandes,uve*E`AXEbA~
parry_izquierdo,Y!ANaLy@e#aL
frank_hon,u=UXe&A*
kesia_libby,AtY9ePaP
crisiant_wingfield,A=YnULa5Y-un
savanna_maddy,E-USa`U